dutch,english
ik,I
je,you
het,It
de,the
dat,that
is,is
een,An
niet,not 
en,and
van,by
wat,what
we,we
in,in
ze,they
hij,he
te,at
zijn,are
op,on
maar,but
er,there
met,of
voor,for
die,that
heb,have
me,me
als,as
was,was
ben,am
om,to
dit,this
mijn,mine
aan,On
u,you
dan,than
n,n
naar,Unpleasant
weet,know
hier,here
zo,Like this
jij,you
kan,can
geen,no
nog,yet
ja,Yes
hem,it
heeft,has
wel,well
moet,must
wil,want to
hebben,to have
goed,Good
haar,her
nee,no
hoe,how
nu,now
waar,Where
over,about
ook,also
doen,doing
uit,out 
zou,would
ga,go
of,or
gaan,to go
bent,are
mij,me
bij,bee
al,already
ons,us
had,had
iets,something
daar,there
jullie,you
gaat,go
zal,shall
hebt,have
kom,come
waarom,Why
meer,more
deze,this
moeten,must
laat,leave
kunnen,be able to
dus,so
jou,you
denk,think
wie,Who
alles,everything
echt,Real
doe,do
door,Through
alleen,only
toch,still
zien,to see
weg,road
eens,at sometime
man,man
misschien,maybe
laten,to leave
nooit,never
nou,Well
zei,said
terug,back
oké,okay
mee,along
niets,nothing
iemand,someone
komt,comes
toen,when
veel,a lot of
even,even
onze,our
gewoon,Ordinary
weten,to know
komen,to come
nodig,necessary
mensen,people
tot,to
worden,become
zeggen,say
tijd,time
weer,weather
leven,to live
twee,two
net,just
tegen,in return for
maken,to make
uw,your
zeg,say
omdat,because
zit,sit
wordt,is becoming
hou,hold
kijk,look
heel,all
wij,We
altijd,always
mag,may
gedaan,done
dood,dead
zeker,Certainly
af,off
jaar,year
hun,their
wilde,wild
dag,day
allemaal,all
jouw,your
huis,house
dacht,thought
doet,do
vader,father
kunt,can
wacht,guard
zie,see 
vrouw,woman
keer,time
andere,other
zoals,such as
zij,she
dank,thanks
anders,otherwise
geef,give
waren,were
willen,want
zich,himself
bedankt,Thank you
één,An
mr,Mr.
erg,terribly
wilt,want
praten,talk
spijt,regret
geld,money
kon,could
werk,work
oh,Oh
iedereen,everyone
beter,better
werd,became
moeder,mother
niemand,nobody
vinden,find
staat,stands
gezien,seen
niks,nothing
binnen,inside
zitten,to sit
zullen,shall
na,after
helpen,to help
wist,knew
vind,find
genoeg,enough
sorry,Sorry
vast,solid
elkaar,each other
ging,went
uur,o'clock
klaar,finished
hele,whole
neem,take
leuk,nice
natuurlijk,Naturally
alle,all
god,God
maak,make
lang,long
kwam,came
graag,Please
hé,Hey
toe,to
drie,three
zegt,say
bedoel,mean
deed,did
dingen,things
maakt,makes
alsjeblieft,please
eerste,first
krijgen,to get
zonder,without
steeds,still
hallo,Hello
houden,keep
vertellen,narrate
ziet,sees
idee,idea
geven,give
achter,behind
geweest,been
blijven,to stay
helemaal,absolutely
mooi,Nice
onder,under
kijken,to look
zag,saw
goede,good  
naam,name
moest,had to
blijf,stay
kun,can
auto,auto
luister,listen
grote,big
lijkt,seems
snel,fast
ooit,ever 
vragen,to ask
paar,pair
wanneer,when
want,because
meneer,sir
nieuwe,new
gebeurd,happened
zorgen,to assure
vriend,friend
beetje,bit
kinderen,children
gek,crazy
hand,hand
vraag,ask
laatste,last
geweldig,great
hadden,had
zelfs,even
enige,only
bang,scared
nemen,to take
samen,together
eten,to eat
zelf,yourself
hoor,hear
geleden,past
staan,to stand
gevonden,found
jongen,boy
denken,think
vandaag,Today
denkt,thinks
beste,best
gezegd,said
thuis,At home
wereld,world
jongens,boys
heen,to
ken,know
hen,them
eerst,first
eigen,own
zoon,son
gelijk,directly
buiten,outside
vertel,tell
morgen,tomorrow
meisje,girl
probleem,problem
alsof,as if
geloof,believe
halen,to fetch 
familie,family
elke,each  
zouden,would
hoop,heap
politie,Police
mannen,men
bijna,almost
vermoord,murdered
eigenlijk,actually
werken,work
verdomme,damn it
horen,to belong
manier,way
zat,fed up
vrienden,friends
precies,precisely
kind,child
hè,Hey
kleine,small
begrijp,understand
wou,wish
geeft,gives
orde,order
houdt,holds
verder,further
vroeg,early
stop,Stop
wachten,to wait
rustig,Calm
hoofd,head
krijg,get
daarom,that's why
gebeurt,happens
soms,sometimes
volgens,according to
dagen,to dawn
vond,found
krijgt,gets
gemaakt,made
kant,side
werkt,works
open,Open
gehad,had
voel,feel
zaak,case
blij,pleased
volgende,next
zoek,search
kans,chance
vanavond,this evening
bel,call
probeer,try
zoeken,to search
oude,old
ding,thing
moment,moment
best,best
tussen,between
plaats,place
pas,fit
gehoord,heard
vijf,five
verteld,told
zet,sets
prima,fine
hulp,staff
stad,city
vindt,finds
brengen,to take
pijn,pain
slecht,bad
geloven,to believe
eruit,out
minuten,minutes
school,school
plan,plan
broer,brother
pak,suit
jezelf,yourself
hoeveel,how many
kamer,room
betekent,means
spreken,speak
juist,correct
heet,is called
soort,kind
haal,fetch
ergens,somewhere
vier,four
gebruiken,to use
ligt,is
blijft,stays
welke,which
proberen,try
dokter,doctor
agent,agent
help,Help
later,later
voordat,before
ogen,eyes
vrij,free
klopt,Correct
gaf,gave
foto,photo
word,word
zodat,so that
dochter,daughter
problemen,problems
plek,place
water,water
kent,knows
week,week
beginnen,begin
praat,talk
eerder,earlier
lk,I
mis,miss
handen,hands
deur,door
baby,baby
bellen,to call
boven,above
groot,big
echte,real
hoeft,need
ie,that
doden,to kill
stoppen,fuses
moeilijk,difficult
dr,Dr.
sinds,since
land,country
spelen,to play
zoveel,so much
hetzelfde,the same
mevrouw,Madam
snap,snap
breng,bring
pakken,to take
druk,Busy
verhaal,story
lekker,Tasty
vrouwen,women
schat,Darling
vergeten,forget
gebeuren,to happen
ervan,of it
kreeg,got
waarschijnlijk,probably
hoi,hi
mogelijk,possible
mooie,nice
bloed,blood
wees,be
nacht,night
nieuws,news
bed,bed
liet,left
lopen,to walk
gelukkig,happy
waarheid,truth
reden,rode
papa,dad
hoorde,heard
klinkt,sounds
maanden,months
vermoorden,murder
zorg,concern
dollar,dollar
bezig,busy
voorbij,past
terwijl,while
sta,stand
zaken,business
avond,evening
tien,ten
schuld,debt
veilig,safe
redden,to rescue
hart,heart
zult,will
duidelijk,clearly
stel,couple
the,the
schiet,shoot
eraan,to it
zes,six
begin,begin
gekomen,arrived
vol,full
vriendin,girlfriend
rond,around
voelt,feels
baas,boss
moord,murder
ander,other
klein,small
fijn,fine
jaren,years
mam,mom
lichaam,body
eerlijk,honestly
gezicht,sight
ver,far
wakker,awake
ouders,parents
zoiets,something like that
leren,to learn
telefoon,telephone
los,loose
per,per
mama,mom
nummer,number
fout,wrong
mogen,to be allowed to
meteen,immediately
slapen,to sleep
zeer,very
dezelfde,same
liefde,love
alstublieft,Please
deel,part 
liggen,lie
erop,on top
vaak,often
vallen,traps
belangrijk,important
sterven,die
oud,old
neer,down
buurt,neighbourhood
langs,by
houd,loves
rest,rest
stond,stood
sir,sir
begrepen,understood
drinken,drinks
team,team
vertelde,told
beneden,downstairs
vergeet,forgets
vooruit,forward
mrs,Mrs.
hoort,belongs
baan,track
dicht,closed
inderdaad,indeed
geval,case
zetten,to make
oorlog,war
mezelf,myself
tijdens,during the day
john,John
maakte,made
kennen,to know
gebruikt,used
oke,okay
geluk,happiness
hey,hey
hield,held
wapen,weapon
kop,head
vertrouwen,to trust
rust,rest
mond,mouth
weken,to soften
elk,each
betalen,pay
anderen,others
neemt,takes
recht,right
nam,name
jack,jacket
kantoor,office
gegeven,datum
ermee,with it
overal,everywhere
eén,An
daarna,then
tweede,second
onderzoek,research
welkom,Welcome
hard,hard
liever,rather
bewijs,proof
vanaf,from
aardig,nice
klootzak,asshole
stuk,piece
woord,word
veranderen,change
zin,sentence
straks,soon
vent,guy
zus,sister
haat,hate
vandaan,from
miss,miss
lieverd,Darling
zichzelf,himself
nieuw,new
ontmoeten,meet
werden,were
allebei,both
minder,fewer
pap,porridge
nergens,nowhere
kwaad,angry
sam,Sam
erin,in it
ervoor,before
kerel,guy
gisteren,yesterday
ontmoet,meet
miljoen,million
ok,OK
film,film
verloren,lost
probeerde,tried
gebeld,called
new,new
antwoord,answer
noemen,to call
informatie,information
boek,book
stil,quiet
kapitein,captain
kwijt,lost
enkel,single
valt,fall
boos,angry
licht,light
geworden,become
pa,dad
persoon,person
konden,could
beschermen,protect
slechte,bad
ziekenhuis,Hopital
gevoel,feeling
gegaan,gone
voorzichtig,carefully
hond,dog
rijden,to ride
eindelijk,finally
gesproken,spoken
meisjes,girls
aarde,Earth
ten,ten
normaal,normal
grappig,funny
heren,Gentlemen
voelen,feel
moordenaar,murderer
mens,man
president,president
nogal,rather
gevangenis,prison
loopt,runs
degene,the one
prachtig,beautiful
hoezo,why
kopen,buy
vechten,to fight
punt,point
vreemd,foreign
trouwen,to marry
contact,contact
verkeerd,wrong
meen,I think
koffie,coffee
verwacht,expected
schip,ship
ziek,sick
plezier,pleasure
einde,end
stap,step
advocaat,lawyer
begint,begins
begon,began
enkele,a few
erbij,there
gang,corridor
gebeurde,happened
heer,gentleman
herinner,remember
jezus,Jesus
opnieuw,again
serieus,serious
zomaar,just like that
pardon,pardon
gevraagd,requested
controle,control
getrouwd,married
daarmee,with that
spel,game
bedoelt,means
perfect,perfect
stellen,ask
juiste,right one
koning,king
beloof,promise
grond,ground
waard,worth
winnen,win
nadat,once
gebruik,usage
naartoe,to
begrijpen,understand
veranderd,changed
acht,eight
he,Hey
gingen,went
kwamen,came
leeft,lives
leg,lay
gekregen,received
langer,longer
verliezen,to lose
vroeger,earlier
lucht,air
wapens,weapons
verlaten,to leave
probeert,tries
dames,ladies
seks,sex
schieten,to shoot
toekomst,future
behalve,except
slim,smart
meest,most
stuur,send
leger,army
woorden,words
zeven,seven
brengt,brings
charlie,Charlie
half,half
hierheen,here
trots,proud
spullen,stuff
geheim,secret
helpt,helps
vraagt,asks
michael,Michael
weinig,few
ongeveer,about
schatje,sweetie
sommige,some
makkelijk,comfortable
kracht,strength
gedood,killed
gestolen,stolen
tenminste,at least
lange,long
ongeluk,accident
frank,frank
zodra,as soon as
werkte,worked
wilden,wild
eet,eat
slechts,only
lief,sweet
nietwaar,isn't it true
relatie,relation
trek,pull
afgelopen,last
val,fall
volgen,to follow
ter,to
voelde,felt
bekend,known
bewijzen,prove
hoef,hoof
via,via
oom,uncle
loop,walk
belde,called
lijken,corpses
sturen,to steer
men,men
slachtoffer,victim
george,George
genomen,taken
maand,month
onzin,nonsense
meid,girl
york,York
erger,worse
idioot,idiot
ziens,goodbye
dienst,employ
erover,about it
feest,party
leek,seemed
vreselijk,terrible
eentje,one
gevaar,danger
wonen,live
grootste,largest
succes,success
vertrekken,to leave
jawel,yes
muziek,music
mocht,should
raar,strange
slaap,sleep
joe,Joe
absoluut,absolute
vorige,previous
ruimte,room
ieder,everyone
schuldig,guilty
goeie,good
begonnen,started
luisteren,listen
sterk,strong
omhoog,upwards
totdat,until
afspraak,appointment
lezen,read
zwarte,black
vanwege,because of
hemel,heaven
tenzij,unless
gisteravond,last night
begrijpt,understands
ene,one
lag,lay
naast,next to
vooral,mainly
fantastisch,fantastic
gered,saved
viel,fell
trouwens,Incidentally
uh,uh
bank,bank
pistool,pistol
noem,name
bedrijf,company
camera,camera
blijkbaar,evidently
woont,lives
verkopen,to sell
beide,both
zolang,as long as
straat,street
mike,Mike
geest,spirit
david,David
vuur,firework
peter,Peter
verkeerde,wrong
moesten,had to
lieve,dear
tom,Tom
geprobeerd,tried
meeste,most
kijkt,looks
stierf,died
hotel,hotel
droom,dream
verliefd,in love
jammer,Shame
gedacht,thought
let,let
rug,back
vertaling,translation
slaan,to hit
gaten,holes
doel,goal
meter,meter
drugs,drugs
gevaarlijk,dangerous
geweldige,great
lijst,list
namen,names
deden,did
jonge,young
schelen,care
goedemorgen,Good morning
dragen,wear
iedere,every
excuseer,excuse me
stom,stupid
jong,young
zover,as far
betaald,paid
kende,knew
kleren,clothes
gesprek,conversation
lukt,succeeds
welk,which
vertelt,tells
prijs,price
voorstellen,to suggest
huwelijk,wedding
missen,miss
schrijven,to write
groep,group
herinneren,to remind
regels,lines
vonden,found
vliegtuig,aeroplane
onderweg,en route
delen,to share
geleerd,learned
stomme,stupid
bestaat,consists
james,James
vertrouw,trust
daarvoor,before that
trekken,Pull
zak,bag
vanuit,from
gebracht,brought
stem,voice
gezin,family
keuze,choice
raken,to touch
direct,directly
verdomde,damned
boot,boat
dom,stupid
verleden,past
gemist,missed
duurt,takes
gedachten,thoughts
situatie,situation
moe,tired
deal,deal
tafel,table
band,band
generaal,general
reis,travel
partner,partner
leuke,nice
raad,council
honger,hunger
geraakt,touched
gebouw,building
zwaar,heavy
gast,guest
gestuurd,sent
geboren,born
bracht,brought
rechter,right
agenten,agents
bureau,desk
macht,power
spreek,speak
derde,third
regel,rule
kolonel,colonel
ruzie,argument/fight
oma,grandma
zeiden,said
speelt,plays
dronken,drunk
vliegen,to fly
luitenant,lieutenant
gelooft,believes
arme,poor
seconden,seconds
liep,walked
tuurlijk,sure
rood,red
gefeliciteerd,Congratulations
koud,cold
regelen,to arrange
henry,Henry
bericht,message
vlucht,flight
moeite,effort
hel,hell
dame,lady
oog,eye
ma,mom
dansen,dancing
teken,sign
onmogelijk,impossible
gewerkt,worked
helaas,unfortunately
grapje,joke
arm,arm
show,show
lachen,laugh
leggen,to lay
sleutel,key
wet,law
liefje,Darling
keek,looked
aantal,number
zoekt,is looking for
extra,extra
zweer,ulcer
leiden,to lead
harry,Harry
mary,Mary
lijk,corpse
kapot,broken
bleef,stayed
sneller,faster
gebroken,broken
uiteindelijk,eventually
verdwenen,disappeared
kaart,card
kerk,church
mijne,mine
dode,dead
brand,fire
betrokken,involved
wegwezen,get out of here
plannen,plans
volg,follow
lastig,annoying
tijdje,while
negen,nine
gebied,area
beiden,both
eind,end
operatie,operation
diep,deep
persoonlijk,personal
liegen,lie
zwanger,pregnant
club,club
respect,respect
steek,lurch
waarvoor,for what
missie,mission
zon,Sun
kost,cost
paard,horse
waarop,on which
maat,mate
brief,letter
raak,touch
rijk,rich
rij,row
risico,risk
meestal,generally
witte,white
getuige,witness
kwalijk,bad
rechercheur,detective
schoenen,shoes
bar,bar
hoeven,hooves
midden,middle
hopelijk,hopefully
lijn,line
eer,honor
gezet,placed
zuster,sister
bal,ball
sprak,spoke
aanval,attack
aandacht,attention
kiezen,to elect
komaan,come on
rode,red
meiden,girls
amerikaanse,American
adres,address
zee,sea
hoog,high
feestje,party
gekocht,bought
bevel,command
wedstrijd,competition
sluiten,close
daarvan,of them
jimmy,Jimmy
volledig,complete
les,lesson
ziel,soul
interessant,interesting
slag,blow
sluit,close
zelfmoord,suicide
computer,computer
planeet,planet
bereiken,reaches
verdachte,suspect
sarah,Sarah
gelezen,read
uitleggen,explain
beloofd,promised
laatst,last
winkel,shop
zul,you will
wagen,car
angst,fear
muur,wall
leeg,empty
bezoek,visit
stelen,to steal
gewonnen,won
positie,position
wisten,knew
sheriff,sheriff
bekijken,to look at
helft,half
warm,warm
keus,choice
vanmorgen,this morning
park,park
zulke,such
nick,Nick
heerlijk,Delicious
gevallen,fallen
zaten,were sitting
rennen,run
gewond,injured
sergeant,sergeant
volk,people
dieren,animals
kort,short
spreekt,speaks
allen,all
verdient,deserves
onderzoeken,to research
haast,hast
dromen,dreams
systeem,system
meester,master
kont,butt
enig,any
ontdekt,discovers
verkocht,sold
tante,aunt
bewegen,move
geschreven,written
groter,bigger
neus,nose
verklaring,declaration
broek,pair of trousers
verdienen,earn
speel,play
hangt,hangs
vijand,enemy
gelukt,success
verschillende,various
speciale,special
verrassing,surprise
vreemde,stranger
sla,salad
geschiedenis,history
erachter,behind it
lul,dick
bezorgd,worried
hoogte,height
vrede,peace
meegenomen,brought
zagen,saws
liegt,lies
bus,bus
belachelijk,ridiculous
betere,better
raam,window
wijn,wine
mes,knife
ontslagen,dismissed
geheime,secret
gehouden,held
weggaan,to leave
weekend,weekend
excuses,apologies
getuigen,to give evidence
bom,bomb
inspecteur,inspector
gehaald,fetched
spoor,track
held,hero
benen,legs
dachten,thought
waarvan,of which
tas,bag
thee,tea
overleven,to survive
belt,belt
meenemen,take along
nek,neck
gevecht,fight
bestaan,exist
ongelooflijk,unbelievable
slachtoffers,victims
drink,drink
ring,ring
donker,dark
links,left
dichtbij,near
bereid,prepared
feit,fact
vriendje,boyfriend
professor,professor
verschil,difference
collega,co-worker
spul,stuff
boeken,books
slaat,hits
will,will
alweer,again
rekening,account
gooi,throw
beslissing,decision
verlies,loss
been,leg
verjaardag,birthday
lift,elevator
tommy,Tommy
bob,bob
koningin,queen
teveel,too many
levend,alive
waarmee,with which
raakt,touches
draagt,wears
verandert,changes
trein,train
da,that
monster,sample
raakte,hit
sporen,tracks
opa,grandpa
zingen,singing
voeten,feet
lot,lot
richting,direction
knap,handsome
duren,to last
speciaal,special
gebruikte,used
gestopt,stopped
hoge,high
gesloten,Closed
boord,board
bedoelde,referred to
gepakt,caught
you,you
draai,play
vannacht,tonight
ijs,ice
enorme,huge
beurt,turn
koop,buy
appartement,apartment
cel,cell
begraven,buried
indruk,impression
vlees,meat
strijd,conflict
ochtend,morning
keuken,kitchen
energie,energy
vernietigen,destroy
geregeld,organized
plaatsen,places
gevoelens,feelings
last,last
bedanken,thank you
ophouden,to hold up
hangen,hang
kennis,knowledge
bill,rekening
patiënt,patient
zware,heavy
basis,base
kat,cat
glas,glass
sloeg,hit
dankzij,thanks to
dader,perpetrator
gasten,guests
zwart,black
betaal,pay
adem,breath
richard,Richard
boodschap,errand
grap,joke
bos,forest
geholpen,helped
godsnaam,god's name
prachtige,beautiful
neergeschoten,shot
werkelijk,really
gestorven,died
huilen,to cry
commandant,commander
soldaten,soldiers
jurk,dress
gevangen,captured
veiligheid,safety
hoek,corner
hiermee,with this
afstand,distance
kilometer,kilometer
regering,government
stoel,chair
onschuldig,innocent
kogel,ball
londen,London
vlak,right
stuurde,sent
fijne,nice
waarin,in which
voet,foot
haalt,fetches
ontsnappen,escape
gooien,to throw
rechts,right
ineens,suddenly
ouwe,old
test,test
toestemming,permission
wraak,revenge
breken,break
rol,role
opschieten,hurry up
kalm,calm
goud,gold
verantwoordelijk,responsible
enorm,enormous
bespreken,discuss
noemt,calls
verdorie,damn
ervaring,experience
soldaat,soldier
gepraat,talked
steve,Steve
mark,Mark
totaal,total
and,and
gratis,free
overleden,dead
moorden,murders
eiland,island
beeld,image
passen,to fit
leeftijd,age
noemde,called
tekenen,to draw
doorgaan,continue
boom,tree
uitzoeken,to sort
dak,roof
besloten,decided
lunch,lunch
ryan,Ryan
vele,many
schoon,beautiful
controleren,check
gearresteerd,arrested
schoot,shot
eraf,off
achteruit,backwards
johnny,Johnny
belangrijke,important
lees,read
perfecte,perfect
dorp,village
eikel,acorn
bobby,Bobby
dossier,file
past,past
code,code
vieren,celebrate
geluid,sound
homo,homo
verschrikkelijk,terrible
stelt,stilt
slaapt,sleeps
bier,beer
dna,DNA
hoelang,how long
eenmaal,once
simpel,simple
zocht,searched
blauwe,blue
stukje,piece
vermist,missing
zorgt,takes care of
gat,hole
ouder,parent
kate,Kate
schrijf,write
schreef,wrote
wens,wish
geslagen,beaten
parijs,Paris
toevallig,chance
leiding,pipe
edelachtbare,Your Honor
bouwen,to build
geweten,known
heilige,saint
restaurant,restaurant
sterft,dies
toegang,access
verbergen,hide
draait,turns
leidt,leads
armen,arms
luke,Luke
taak,task
ware,true
lab,lab
misdaad,crime
nadenken,think it over
vakantie,vacation
behoorlijk,quite
sleutels,keys
video,video
levens,lives
geniet,enjoy
draaien,turn
vertrek,departure
betreffen,concern
slot,lock
verpest,ruined
proces,process
opdracht,Job
programma,program
klote,shit
leider,leader
actie,action
waardoor,as a result of which
antwoorden,answers
gezeten,seated
bruiloft,wedding
vorm,form
woon,live
directeur,director
cliënt,client
goedenavond,Good evening
advies,advice
hoewel,although
eddie,Eddie
chris,Chris
uren,hours
welterusten,Good night
tijden,times
volwassen,adult
vuile,dirty
majoor,major
radio,radio
aangenaam,nice to meet you
drankje,drink
maan,Moon
kregen,got
gemakkelijk,easy
vergeef,forgive
klas,class
krant,newspaper
langzaam,slowly
kosten,costs
martin,Martin
procent,percent
mist,fog
pad,path
vrijheid,freedom
verdwijnen,disappear
gelogen,lied
beweging,movement
twijfel,doubt
neef,cousin
gemeen,mean
fles,bottle
dol,crazy
draag,carry
vis,fish
waarover,about what
rood,red
hersenen,brain
der,of the
verloor,lost
taxi,Taxi
voorkomen,prevent
medicijnen,medicines
okay,Okay
binnenkort,soon
doos,box
terecht,justifiably
mening,opinion
geweer,rifle
bezit,possess
top,top
wonder,miracle
vergeven,forgive
stopt,stops
hopen,hope
thomas,Thomas
ophalen,to retrieve
wind,wind
oplossen,dissolve
jaloers,jealous
kevin,Kevin
rachel,Rachel
onmiddellijk,immediately
gedrag,behavior
charles,Charles
stemmen,to vote
ontbijt,breakfast
lol,lol
walter,Walter
honden,dogs
ontvangen,received
verhalen,stories
rivier,river
twaalf,twelve
voedsel,food
gauw,quickly
volgt,follows
vaker,more often
adam,Adam
keren,turn
klanten,customers
chef,chef
wint,wins
brian,Brian
minuut,minute
anna,Anna
detective,detective
verraden,betray
don,don
geweld,violence
akkoord,agree
tonen,to show
genoemd,named
gewone,ordinary
papieren,paper
verband,bandage
hoopte,hoped
rare,strange
brug,bridge
jas,coat
bloemen,flowers
daniel,Daniel
trap,stairs
mijnheer,sir
aanvallen,to attack
leer,learn
street,street
opnemen,to withdraw
robert,Robert
schade,injury
blijkt,turns out
bijzonder,special
huid,skin
krachten,forces
zakken,to fail
openen,open
arts,doctor
hoer,whore
gestoord,disturbed
scott,Scott
gegeten,eaten
echtgenoot,husband
bedoeling,intention
durf,dare
trouw,fidelity
bedenken,to think of
ergste,worst
bedacht,invented
tegenhouden,to prevent
vermoordde,murdered
nachts,at night
vertrokken,left
knul,boy
engels,English
start,start
favoriete,favourite
persoonlijke,personal
bepaalde,certain
sommigen,some
yeah,yeah
momentje,moment
medische,medical
sexy,sexy
burgemeester,mayor
lee,lee
officier,officer
kussen,to kiss
date,date
ster,star
gezocht,sought
captain,captain
wezen,being
roep,call
details,details
zomer,summer
dikke,thick
ruikt,smells
eigenaar,owner
motor,engine
universiteit,university
hielp,helped
kus,kiss
luistert,listens
gegevens,facts
claire,Claire
beveiliging,security
nagedacht,thought about
lisa,Lisa
gekozen,chosen
betaalt,pays
betekenen,mean
verborgen,hidden
publiek,audience
carrière,career
tanden,teeth
amy,Amy
rapport,report
super,super
vrije,free
geheimen,secrets
opeens,suddenly
beest,beast
afgesproken,agreed to meet
halve,half
rijdt,drives
belangrijkste,most important
kamp,camp
leef,live
washington,Washington
steun,support
afdeling,department
honderd,one hundred
vorig,last
rook,smoke
boel,bunch
vecht,fight
strand,beach
jason,Jason
magie,magic
oplossing,solution
type,type
rusten,rest
droeg,wore
wellicht,perhaps
beelden,images
genaamd,named
terugkomen,come back
voeren,to feed
waardeer,appreciate
nauwelijks,hardly
bad,bath
bieden,offer
geïnteresseerd,interested
verlaat,leave
duivel,devil
overkomen,happen
speelde,played
pond,pound
ballen,balls
duizenden,thousands
gedoe,hassle
stad,city
nerveus,nervous
locatie,location
blik,look
doelwit,target
gekke,crazy
meegemaakt,experienced
twintig,twenty
klant,customer
kerels,guys
loog,lye
post,post
aangevallen,attacked
oren,ears
emma,Emma
springen,jump
gevolgd,followed
releases,releases
lach,smile
ontmoette,met
zwak,weak
engeland,England
ziekte,disease
sterren,stars
trekt,pulls
toilet,toilet
steen,stone
logisch,logically
landen,to land
geloofde,believed
fouten,mistakes
verwachten,to expect
dankbaar,satisfying
veroorzaakt,causes
duizend,thousand
wow,wow
aangedaan,affected
jury,jury
verslaan,beat
vangen,catch
christus,Christ
testen,testing
grens,border
paniek,panic
nogmaals,once more
telefoontje,phone call
steken,stiches
jesse,Jesse
pete,Pete
ontsnapt,escaped
herinnert,remembers
paarden,horses
vaders,fathers
theorie,theory
kleur,colour
prins,prince
vissen,fish
bron,source
lid,member
drank,drink
vergadering,meeting
gebleven,stayed
meerdere,multiple
ondanks,Despite
machine,machine
moeders,mothers
signaal,signal
geslapen,slept
lijden,suffering
stappen,steps
carter,crankcase
eeuwig,eternal
vreselijke,terrible
doodde,killed
dik,thick
verkoop,sale
rechtbank,court
harde,hard
genezen,cured
begrafenis,funeral
veld,field
straf,punishment
uitgenodigd,invited
laag,low
grace,Grace
kies,choose
wiens,whose
william,William
schattig,cute
wereld,world
schot,shot
vijanden,enemies
neuken,to fuck
broers,brothers
jagen,hunting
tevreden,satisfied
gaven,gave
taart,cake
domme,stupid
flat,flat
manieren,ways
afmaken,kill
vriendelijk,friendly
san,san
sterker,stronger
vluchten,to flee
pers,press
project,project
vertrekt,leaves
belang,interest
frankrijk,France
lukken,succeed
geschoten,shot
prinses,princess
zwaard,sword
aandoen,to affect
makkelijker,easier
gedragen,to behave
bende,gang
ernstig,serious
gezond,healthy
jouwe,yours
vingers,fingers
las,weld
arresteren,arrest
tuin,garden
ideeën,ideas
korte,short
gelaten,left
sean,Sean
duitse,German
vrijdag,Friday
opstaan,to get up
kunst,art
sterke,strong
afscheid,parting
menselijke,human
minister,minister
coach,coach
verboden,forbidden
kelder,basement
gezelschap,company
bijvoorbeeld,for example
achtergelaten,left behind
duur,duration
compleet,completely
to,to
eng,scary
toeval,chance
snapt,understands
hiervan,of this
miljoenen,millions
simon,Simon
oorlog,war
melk,milk
lui,lazy
genieten,enjoy
aannemen,contract
uitstekend,excellent
tegenover,opposite
dichterbij,closer
kocht,bought
stuurt,sends
volle,full
schijnt,appears
lenen,to borrow
moed,courage
vergissing,mistake
patiënten,patients
toon,show
normale,normal
broeder,brother
kaarten,cards
films,movies
reizen,to travel
ruim,roomy
herinneringen,memories
gedachte,thought
saai,boring
joey,Joey
roken,smoking
truck,truck
gaaf,great
tegenwoordig,nowadays
kwestie,issue
zette,put
opzij,aside
gaande,going on
omgeving,environment
kip,chicken
verstopt,hidden
leerde,learned
vanochtend,this morning
kast,cupboard
officieel,officially
aanbod,offer
sms,text message
vernietigd,destroyed
verliest,loses
menselijk,human
contract,contract
lady,lady
mooiste,most beautiful
flink,considerable
majesteit,majesty
cia,cia
carl,Carl
sukkel,loser
stopte,stopped
haalde,took
verdiend,earned
genoegen,pleasure
senator,senator
buren,neighbors
alan,Alan
internet,internet
vloer,floor
zwemmen,swimming
taylor,Taylor
bedoeld,meant
opgesloten,locked up
ontslag,dismissal
bekijk,look at
borst,chest
schreeuwen,scream
bevalt,pleases
hoger,higher
blanke,white
redenen,reasons
harder,harder
ed,ed
ontvoerd,kidnapped
vasthouden,to cling
dave,Dave
lucy,Lucy
behandelen,to deal with
berg,mountain
noorden,north
opgeven,to report
bepaald,certain
spelletje,game
maatje,buddy
daardoor,because of that
omstandigheden,circumstances
opgelost,dissolved
heus,real
koken,to cook
vingerafdrukken,fingerprints
trut,bitch
eenvoudig,simple
hiervoor,for this
stukken,pieces
tent,tent
pauze,break
raden,councils
roepen,to call
leugenaar,liar
bek,beak
vervangen,replace
alarm,alarm
interesse,interest
talent,talent
bereikt,reaches
amerikanen,Americans
kanker,cancer
ted,ted
aangezien,since
beslissen,to decide
des,of the
rose,rose
cadeau,gift
mexico,Mexico
kerst,Christmas
invloed,influence
geheugen,memory
station,station
doorheen,through
vogel,bird
verantwoordelijkheid,responsibility
pillen,pills
diner,dinner
besluit,decision
vlug,fly
deuren,doors
woonde,lived
west,west
huh,huh
verstand,mind
moeilijke,difficult
juffrouw,Miss
bescherming,protection
quality,quality
stilte,Silence
bak,bake
papier,paper
erom,about it
volledige,sufficient
zojuist,just now
kilo,kilo
chuck,chuck
vormen,forms
vaarwel,goodbye
storm,storm
hoed,hat
leugen,lie
ambulance,ambulance
opgenomen,included
beslist,specifically
pizza,pizza
verdween,disappeared
ontdekken,discover
eenheid,unit
verzoek,request
overtuigen,convince
militaire,military
kogels,bullets
toegeven,to give in
smith,smith
gedronken,drunk
hoog,high
quantity,quantity
gekeken,watched
cent,cent
punten,points
reet,ass
garage,garage
vrees,fear
groot,big
kluis,safe
slaapkamer,bedroom
vandoor,run away
wit,white
bezoeken,visits
politiek,politics
mogelijkheid,possibility
vertrekken,to leave
verdomd,damn
vervelend,annoying
rekenen,calculate
klap,clap
aanbieden,to offer
abby,abby
streek,region
zaterdag,Saturday
uwe,yours
zicht,view
jones,Jones
elf,eleven
gewend,accustomed
reactie,reaction
jazeker,"Yes, of course"
blauw,blue
herken,to recognise
verbonden,connected
reken,calculate
schoonheid,beauty
klus,job
verandering,change
vermoordt,murders
accepteren,accept
biertje,beer
roger,Roger
helen,heal
gebouwd,built
aankomen,arrive
trok,pulled
verhuizen,to move house
waarde,value
troep,rubbish
kust,coast
graf,grave
dans,dance
verdediging,defense
bleek,pale
taal,language
grotere,bigger
dier,animal
aanklacht,accusation
overheid,government
wed,wed
lossen,to unload
huizen,houses
uiteraard,of course
gerust,rest assured
manager,manager
verdedigen,defend
valse,false
lieten,left
westen,West
amper,barely
bekeken,viewed
stal,stable
job,Job
maakten,made
niveau,level
binnenkomen,enter
poging,attempt
behandeld,treated
overtuigd,convinced
gewacht,waited
stroom,current
wetenschap,science
momenteel,currently
wauw,wow
liedje,song
vals,false
vincent,Vincent
onderzocht,investigated
duurde,lasted
keel,throat
schepen,ships
gouden,golden
blind,blind
achterlaten,leave behind
gevangene,prisoner
voordeel,advantage
gevangenen,prisoners
eieren,eggs
verbrand,burnt
geduld,patience
eeuw,century
europa,Europe
gescheiden,separated
snelheid,speed
aardige,nice
gary,gary
rotzooi,mess
heette,was called
brak,broke
lichamen,bodies
bidden,to pray
natuur,nature
wijs,show
buik,belly
vinger,finger
king,king
gespeeld,played
feiten,facts
virus,virus
plus,plus
groene,green
bomen,trees
personeel,staff
pakt,takes
plekken,places
commissaris,commissioner
zuid,south
rechten,rights
veranderde,changed
stof,dust
badkamer,bathroom
leugens,lies
zondag,Sunday
erheen,there
smaak,taste
aanwezig,present
leraar,teacher
maandag,Monday
verliet,left
leefde,lived
het,It
pakte,grabbed
franse,French
bergen,to put away
duitsers,Germans
woede,fury
studeren,study
sliep,slept
kleding,clothing
stonden,stood
troepen,troops
eindigen,end
feite,fact
hemelsnaam,for heaven's sake
groeien,to grow
dean,dean
piloot,pilot
geesten,ghosts
controleer,check
verslag,report
ex,ex
julia,Julia
heks,witch
daarbij,in that
waarschuwen,warn
julie,Julie
victor,Victor
jenny,Jenny
melden,report
elizabeth,Elizabeth
oceaan,ocean
gas,gas
goden,gods
mogelijke,possible
voorlopig,provisional
verslagen,reports
gepland,planned
verdacht,suspicious
opgepakt,arrested
susan,Susan
privé,private
voren,forward
stan,stand
knappe,handsome
koffer,suitcase
zonde,shame
naakt,naked
neen,no
plegen,to commit
excuus,excuse
verrast,surprised
dienen,serve
graden,degrees
ongelofelijk,unbelievable
haten,hate
ervandoor,run away
opgewonden,excited
sterf,die
dubbele,double
boerderij,farm
rijke,rich
morgan,morgan
bord,board
honderden,hundreds
klootzakken,assholes
herstellen,recover
schrijft,writes
ernaar,to it
lord,Lord
besloot,decided
behandeling,treatment
morgenochtend,tomorrow morning
orders,orders
tong,tongue
vanmiddag,this afternoon
redt,saves
ruil,exchange
verklaren,to declare
lieg,lie
leert,learns
tegelijk,at the same time
marine,navy
champagne,Champagne
liefste,dearest
genade,grace
chauffeur,driver
wensen,wishes
verdien,earn
qoq,qoq
godverdomme,goddammit
eenzaam,lonely
wegens,because of
voorstel,proposal
gouverneur,governor
graven,to dig
terrein,terrain
ontmoeting,meeting
telt,counts
handel,trade
zwijgen,silence
ademen,to breathe
koos,chose
um,um
horloge,watch
staten,states
ronde,round
daarover,about that
verloofde,fiancée
pot,pot
donkere,dark
afspraakje,date
pensioen,pension
vrolijk,cheerful
poort,port
hoefde,didn't have to
gunst,favor
artikel,article
overval,raid
belangrijker,more important
netjes,correctly
knieën,knees
slimme,smart
aanraken,to touch
reputatie,reputation
ontdekte,discovered
ruik,smell
brood,bread
russische,Russian
vogels,birds
partij,side
verstoppen,hide
komst,arrival
verdieping,floor
dief,thief
voorbeeld,example
geur,scent
dichter,poet
vliegveld,airport
markt,market
burgers,citizens
centrum,center
volgde,followed
ontzettend,incredibly
beer,bear
terugkomt,comes back
brieven,letters
minstens,at least
onschuldige,innocent
stenen,stones
universum,universe
gezondheid,health
daarheen,there
wijze,wise
britse,British
komende,coming
kerstmis,Christmas
haven,harbor
huur,rent
plicht,duty
assistent,assistant
omgaan,to deal with
materiaal,material
laura,Laura
hartelijk,heartfelt
onszelf,ourselves
stelde,asked
shirt,shirt
sally,Sally
bevelen,to command
vergat,forgot
priester,priest
meent,thinks
zelfde,same
dossiers,files
proost,cheers
kloppen,to beat
gekend,known
vierde,fourth
kaas,cheese
opzoeken,look up
schrikken,to startle
amanda,Amanda
gepleegd,committed
daarin,in it
optreden,performance
veilige,safe
marcus,Marcus
beroep,profession
black,black
motief,motif
molly,molly
betaalde,paid
lucas,Lucas
verderop,further on
jacht,hunt
scheiden,to divorce
jeugd,youth
lokale,local
engel,angel
kerstman,Santa Claus
doei,bye
toestand,condition
technologie,technology
gebaseerd,based
lichten,lights
bovendien,moreover
cijfers,numbers
bewaren,save
belofte,promise
vertaald,translated
teleurgesteld,disappointed
vriendschap,friendship
medelijden,pity
ramp,disaster
ren,run
verzet,resists
richten,to aim
steunen,supports
wolf,wolf
advocaten,lawyers
dwars,thwarted
oefenen,to practice
bezwaar,objection
bevestigen,to confirm
wijzen,ways
nachtmerrie,nightmare
groen,green
minst,least
eindigt,ends
verkoopt,sells
zwembad,swimming pool
verdriet,sadness
winter,winter
afgesloten,closed
geheel,whole
verwijderd,deleted
donder,thunder
mobiel,mobile
monsters,monsters
okee,okay
interesseert,interests
leden,members
gooide,threw
muren,walls
koers,course
nat,wet
bekende,known person
waarheen,where to
hierin,in this
uniform,uniform
voorbereid,prepared
wild,wild
regen,rain
drinkt,drinks
studenten,students
bepalen,determine
briefje,note
fuck,fuck
berichten,to inform
gok,guess
voldoende,sufficient
samenwerken,to collaborate
lekkere,delicious
ruiken,smell
klok,clock
duitsland,Germany
gemeenschap,community
redelijk,reasonable
wezens,creatures
echter,however
getekend,signed
overwinning,victory
rebecca,Rebecca
klonk,sounded
onderwerp,subject
verklaart,declares
olie,oil
bewust,consciously
bemanning,crew
tellen,to count
degenen,those
overkomt,happens
vertrouwt,trusts
hang,hang
schoten,shots
seconde,second
geldt,applies
delict,offense
gibbs,Gibbs
groeten,greetings
maag,stomach
beantwoorden,to answer
allerlei,all kinds
wandelen,walking
howard,Howard
waarschuwing,warning
gewaarschuwd,warned
begreep,understood
johnson,Johnson
kist,chest
middelbare,secondary school
michelle,Michelle
training,training
texas,Texas
pik,cock
race,race
geliefde,beloved
nationale,national
gedeelte,portion
wassen,to wash
verwachtte,expected
scheelt,makes a difference
ophangen,to hang
douche,shower
reageren,respond
zwijg,be silent
alcohol,alcohol
stoor,disturb
verdiende,earned
geschenk,gift
sprong,jump
bewakers,guards
aangenomen,accepted
model,model
data,data
oor,ear
jeetje,gosh
spelletjes,games
noch,nor
wedden,betting
meedoen,participate
winst,gain
gereed,ready
middag,afternoon
lijf,body
oliver,oliver
donna,donna
onthouden,to remember
daarop,on that
identiteit,identity
crimineel,criminal
openbaar,public
verpesten,to bully
moordenaars,murderers
bewaker,guard
andrew,Andrew
beloofde,promised
gods,gods
zowel,both
media,media
angela,Angela
letten,pay attention
breekt,breaks
sprake,talk
kansen,chances
explosie,explosion
indrukwekkend,impressive
plotseling,suddenly
schutter,shooter
hekel,hate
fort,fort
ingewikkeld,complicated
lied,song
vriendinnen,girlfriends
besef,realize
spiegel,mirror
gevochten,fought
lege,empty
onlangs,recently
stand,stand
woestijn,desert
gedwongen,forced
russen,Russians
jamie,Jamie
idioten,idiots
gezellig,pleasant
lunchen,lunch
hielden,held
cooper,cooper
seizoen,season
resultaten,results
pagina,page
frans,French
vlieg,fly
bril,glasses
spannend,exciting
doodt,kills
mensheid,humanity
botten,bones
busje,van
herinnering,memory
olivia,Olivia
kaartje,card
pop,doll
verschuldigd,owed
gesteld,asked
hee,hey
tweeën,twos
zielig,pathetic
my,my
terry,Terry
parker,parker
hal,hall
letterlijk,literal
banden,tyres
route,route
vliegt,flies
walgelijk,disgusting
gegooid,thrown
smerig,dirty
verwijderen,to delete
uitzien,look
beweegt,moves
hierover,about this
mannetje,male
genie,genius
burger,citizen
bedreiging,threat
lef,courage
wilson,Wilson
vlakbij,nearby
gevolgen,implications
gedag,hello
ontslaan,fire
nummers,numbers
verzamelen,collect
jongeman,young man
huiswerk,homework
huis,house
koude,cold
verontschuldigen,to apologize
gevaarlijke,dangerous
lelijk,ugly
verbaasd,surprised
vuil,filthy
ondertussen,meanwhile
gelukkige,happy
leest,reads
verplaatsen,move
starten,start
gerechtigheid,justice
onderdeel,element
wijst,points
scheiding,parting
welnee,no way
partners,partners
hoogste,highest
snijden,cutting
soorten,species
touw,rope
zijde,side
ellende,trouble
nep,fake
joden,Jews
klagen,complain
zacht,soft
aap,monkey
won,won
dringend,urgent
teruggaan,go back
eisen,to demand
veroordeeld,convicted
neerschieten,shoot down
vloek,curse
stijl,style
smeek,beg
rand,edge
verrader,traitor
tel,count
romantisch,romantic
zorgde,took care
gordon,Gordon
stelletje,bunch
hersens,brains
verdwijnt,disappears
middelen,resources
roept,calls
bruce,Bruce
leveren,deliver
dekking,coverage
onthoud,remember
hof,court
politieke,political
cheque,check
schaduw,shadow
kasteel,castle
lagen,layers
dertig,thirty
branden,burn
leidde,led
resultaat,result
catherine,Catherine
aangekomen,arrived
constant,constant
hannah,Hannah
waarbij,whereby
wanhopig,desperate
verkracht,raped
jessica,Jessica
winnaar,winner
waardeloos,worthless
merken,to notice
californië,California
brown,brown
doctor,doctor
ongerust,worried
snelle,fast
slet,slut
fiets,bicycle
vocht,moisture
opruimen,clean up
chief,chief
ethan,ethan
daaraan,to that
gsm,mobile phone
gewild,popular
overeenkomst,agreement
spring,jump
schilderij,painting
middernacht,midnight
brein,brain
richt,direct
onbekende,unknown
vervolgens,then
iemands,someone's
fabriek,factory
geschikt,suitable
ontspannen,relaxed
anne,Anne
win,win
broertje,little brother
gelopen,walked
davis,Davis
apparaat,device
storen,disturb
handelen,to act
dwingen,force
optie,option
slang,snake
amen,amen
student,student
hoorden,heard
opdagen,show up
volkomen,completely
makker,buddy
duisternis,darkness
briljant,brilliant
schouder,shoulder
miller,miller
godzijdank,thank God
lacht,laughs
dwaas,fool
wachtte,waited
mac,mac
verdrietig,sad
bereik,reach
gozer,guy
gezorgd,taken care of
spion,spy
roy,Roy
wond,wound
campagne,campaign
boston,Boston
mogelijkheden,possibilities
dinsdag,Tuesday
lever,liver
avonds,evening
weggegaan,gone away
verbinding,connection
dek,deck
meegaan,go along
nieuwsgierig,curious
helder,bright
omlaag,down
borsten,breasts
oosten,east
namelijk,namely
schande,shame
ondertiteling,subtitles
overeen,agree
kanten,edges
warme,warm
gewicht,weight
bedrijven,companies
derek,Derek
stront,shit
vet,fat
geschenk,gift
negeren,to ignore
goeds,good
justitie,justice
sneeuw,snow
aanklager,prosecutor
zand,sand
sport,sport
besefte,realized
versie,version
minste,least
hartaanval,heart attack
bo,bo
c,c
as,ash
illegaal,illegal
vertrouwde,trusted
voort,forward
varken,pig
prettig,pleasant
jacob,Jacob
moge,may
donderdag,Thursday
straten,streets
hout,wood
bovenop,on top
etentje,dinner
sindsdien,since then
vaste,fixed
moeilijker,more difficult
merk,brand
verdachten,suspects
durft,dares
opgegeven,given up
weggaat,goes away
truc,trick
frankie,Frankie
ei,egg
wegen,roads
planten,plants
pen,pen
beth,Beth
aanwezigheid,presence
stemming,mood
bravo,Bravo
overleefd,survived
gedurende,during
magische,magical
levende,living
therapie,therapy
geplaatst,placed
grijp,grab
gericht,focused
voorafging,preceding
duwen,Push
ui,onion
sociale,social
beker,cup
opeten,eat
daarbinnen,within it
beloning,reward
dapper,brave
concentreren,concentrate
heleboel,a lot
beschikbaar,available
seksuele,sexual
bezorgen,deliver
koopt,buys
hek,fence
lois,Lois
bied,offer
huidige,current
on,on
achterna,chase
verenigde,united
golf,golf
café,cafe
suiker,sugar
lippen,lips
zuurstof,oxygen
gevoelig,sensitive
herhaal,repeat
hmm,hmm
gras,grass
gekwetst,hurt
smerige,dirty
filmen,filming
daisy,daisy
tunnel,tunnel
rock,rock
verstandig,sensible
organisatie,organization
voorgoed,forever
families,families
betwijfel,doubt
meekomen,come along
geruchten,rumors
angeles,angeles
redde,saved
doorbrengen,spend
puur,pure
stak,stuck
diamanten,diamonds
lading,cargo
miami,Miami
bevestigd,confirmed
stinkt,stinks
inclusief,inclusive
oudere,older
verraad,betrayal
interview,interview
middel,resourse
geboorte,birth
nicht,not
momenten,moments
podium,stage
effect,effect
vijftien,fifteen
houding,attitude
veroorzaken,cause
verpleegster,nurse
lig,light
bibliotheek,library
schrijver,writer
beloven,promise
identificeren,identify
hut,hut
goedenacht,good night
volgend,next
gecontroleerd,checked
beroemd,famous
masker,mask
scherp,sharp
sophie,Sophie
trainen,train
kamers,rooms
quinn,Quinn
kampioen,champion
graaf,count
oscar,Oscar
oproep,call
carrie,Carrie
achterin,in the back
beters,better
veroorloven,to afford
helikopter,helicopter
zekere,certain
gelegd,laid
miljard,billion
vies,dirty
geintje,joke
uitgaan,going out
weleens,sometimes
bruid,bride
voer,feed
praatte,talked
marshall,Marshall
aanwijzingen,directions
nina,Nina
rusland,Russia
eva,eva
benzine,petrol
wegging,went away
keizer,emperor
vrouwelijke,female
marie,Marie
vince,Vince
voeden,feed
studio,studio
gif,poison
edward,Edward
uitnodiging,invitation
probeerden,tried
datje,date
ketting,chain
schitterend,wonderful
velen,many
zekerheid,security
kliniek,clinic
dylan,Dylan
museum,museum
handtekening,signature
bevrijden,liberate
ramen,windows
russell,Russell
rechtszaak,court case
dokters,doctors
rijd,drive
kopie,copy